Spoken form, App name (or list an app name by itself on a line to exclude it)
camo, Camo Studio
Control Center
coreautha
Fantastical Helper
Citrix   Husk
Citrix Viewer
com.microsoft.teams2.notificationcenter
CoreServicesUIAgent
excel, Microsoft Excel
mirroring, iPhone Mirroring
iStat Menus Menubar
LaunchBar
loginwindow
Lunar
Notification Center
one note, Microsoft OneNote
one password, 1Password
outlook, Microsoft Outlook
powerpoint, Microsoft PowerPoint
teams, Microsoft Teams (work or school)
UserNotificationCenter
word, Microsoft Word
zoom, zoom.us
